node_id,parent_id,label,node_type,gate,segment,description,mitigation,viasat_case,source_url,date_maj
N0,,Compromettre le service satellite LEO,root,OR,Global,"Objectif de l'attaquant : dégrader, intercepter ou détourner le service fourni par une constellation LEO type Starlink/Viasat.",,non,,2026-08-13
N1,N0,Segment sol / gestion,branch,OR,Segment sol,"Compromission des systèmes terrestres qui pilotent la constellation (NOC, VPN d'administration, systèmes de gestion des terminaux).",,oui,,2026-08-13
N2,N0,Liaison montante/descendante,branch,OR,Liaison RF,"Attaques visant le canal radiofréquence entre le sol et le satellite (brouillage, interception, usurpation).",,non,,2026-08-13
N3,N0,Segment spatial (satellite),branch,OR,Segment spatial,"Compromission directe du bus satellite ou de sa charge utile en orbite.",,non,,2026-08-13
N4,N0,Segment utilisateur / terminal,branch,OR,Segment utilisateur,"Compromission des terminaux clients (antennes/dish, modems, CPE).",,non,,2026-08-13
N1a,N1,Exploitation VPN/accès distant mal configuré,leaf,,Segment sol,"Accès initial via une appliance VPN d'administration mal configurée ou insuffisamment cloisonnée.","Segmentation réseau stricte entre réseau de gestion et réseau client ; authentification forte (MFA) sur les accès VPN ; audit régulier des configurations.",oui,https://www.cisa.gov,2026-08-13
N1b,N1,Ingénierie sociale / phishing des employés,leaf,,Segment sol,"Compromission d'identifiants via hameçonnage ciblé du personnel opérationnel.","Formation et sensibilisation, authentification forte, filtrage des emails.",non,,2026-08-13
N1c,N1,Vulnérabilité logicielle du NOC,leaf,,Segment sol,"Exploitation d'une faille non corrigée dans les systèmes du centre d'opérations réseau (Network Operations Center).","Gestion rigoureuse des correctifs (patch management), tests d'intrusion réguliers.",non,,2026-08-13
N1d,N1a,Accès au réseau de gestion de confiance,branch,AND,Segment sol,"Une fois l'accès initial obtenu, l'attaquant pivote vers le segment de gestion 'de confiance' du réseau, qui contrôle les terminaux clients à distance.","Principe du moindre privilège ; isolation (air gap ou quasi) entre réseau de gestion et réseau d'administration générale ; détection d'intrusion (IDS/IPS).",oui,https://www.cisa.gov,2026-08-13
N1e,N1d,Déploiement d'un wiper via mise à jour malveillante (cas AcidRain),leaf,,Segment sol,"Diffusion d'un malware destructeur (wiper) aux modems clients via le canal de gestion légitime, sous couvert d'une mise à jour.","Signature cryptographique des mises à jour firmware ; validation d'intégrité côté terminal avant application ; supervision des déploiements de masse.",oui,https://www.sentinelone.com,2026-08-13
N1f,N1e,Modems rendus inopérants (dizaines de milliers de clients),leaf,,Segment utilisateur,"Impact final : coupure du service pour des dizaines de milliers de clients en Ukraine et en Europe (cas KA-SAT, février 2022).","Plan de continuité (spare stock de terminaux), procédure de restauration rapide, réponse à incident préparée.",oui,https://www.cisa.gov,2026-08-13
N2a,N2,Brouillage (jamming) du signal,leaf,,Liaison RF,"Émission d'un signal parasite pour saturer la réception du terminal ou du satellite.","Sauts de fréquence, antennes directionnelles, détection de brouillage et bascule automatique.",non,,2026-08-13
N2b,N2,Usurpation de signal (spoofing),leaf,,Liaison RF,"Émission d'un faux signal se substituant au signal légitime pour tromper le récepteur.","Authentification du signal, chiffrement de la liaison, vérification cryptographique des trames.",non,,2026-08-13
N2c,N2,Interception / écoute passive (eavesdropping),leaf,,Liaison RF,"Interception du trafic non chiffré transitant sur la liaison montante/descendante.","Chiffrement de bout en bout du trafic utilisateur.",non,,2026-08-13
N3a,N3,Commande non autorisée du bus satellite,leaf,,Segment spatial,"Prise de contrôle des fonctions de commande du satellite (orientation, propulsion, charge utile).","Authentification forte des commandes montantes (telecommand authentication), chiffrement des liens de commande.",non,,2026-08-13
N3b,N3,Exploitation d'une vulnérabilité du firmware embarqué,leaf,,Segment spatial,"Exploitation d'une faille logicielle dans le logiciel embarqué du satellite.","Cycle de développement sécurisé, tests de pénétration avant lancement (mise à jour post-lancement limitée par nature).",non,,2026-08-13
N4a,N4,Vulnérabilité firmware terminal (dish),leaf,,Segment utilisateur,"Exploitation de failles matérielles/logicielles du terminal utilisateur (cf. travaux de recherche par injection de faute).","Durcissement matériel (protection contre l'injection de faute), signature du firmware, mises à jour de sécurité régulières.",non,https://www.blackhat.com,2026-08-13
N4b,N4,Vol ou clonage de terminal,leaf,,Segment utilisateur,"Vol physique d'un terminal pour extraction de clés/identifiants ou usage frauduleux.","Provisionnement lié au matériel (hardware-bound), révocation à distance en cas de vol déclaré.",non,,2026-08-13
N4c,N4,"Malware sur équipement client (routeur, CPE)",leaf,,Segment utilisateur,"Compromission d'un équipement réseau du client connecté en aval du terminal satellite.","Segmentation réseau côté client, mises à jour de sécurité, pare-feu local.",non,,2026-08-13
