node_id,sparta_tactic_id,sparta_tactic_name,sparta_technique,likelihood,impact,nrs_score,nist_800_53_control,justification,source_url,date_maj
N1a,ST0003,Initial Access,Exploit Public-Facing / Remote Access Application,4,3,12,"AC-17 (Remote Access), IA-2 (Identification and Authentication)","Vecteur le plus courant observé sur les incidents SATCOM réels (cas Viasat) ; impact limité à l'accès initial, pas encore à la charge utile.",https://sparta.aerospace.org,2026-10-06
N1b,ST0002,Resource Development,Compromise Accounts / Social Engineering,4,3,12,"AT-2 (Security Awareness Training), IA-2","Le phishing reste le vecteur d'accès initial le plus fréquent tous secteurs confondus ; impact modéré car nécessite généralement une étape de pivot supplémentaire.",https://sparta.aerospace.org,2026-10-06
N1c,ST0003,Initial Access,Exploit via Known Vulnerability,3,3,9,"SI-2 (Flaw Remediation), RA-5 (Vulnerability Scanning)","Probabilité modérée, dépend du niveau de patch management du NOC ciblé.",https://sparta.aerospace.org,2026-10-06
N1d,ST0007,Lateral Movement,Exploitation of Trusted Relationship,3,4,12,"AC-4 (Information Flow Enforcement), SC-7 (Boundary Protection)","Étape pivot critique du cas Viasat réel : le segment de gestion 'de confiance' donne un accès de masse aux terminaux clients une fois atteint.",https://www.cisa.gov,2026-10-06
N1e,ST0004,Execution,Modify On-Board/Ground Software (Malicious Update),2,5,10,"CM-14 (Signed Components), SI-7 (Software and Firmware Integrity)","Probabilité faible (nécessite les étapes précédentes réussies) mais impact maximal : destruction de masse via un canal de mise à jour légitime détourné (cas AcidRain).",https://www.sentinelone.com,2026-10-06
N1f,ST0009,Impact,Denial of Service / Data Destruction,2,5,10,"CP-2 (Contingency Planning), IR-4 (Incident Handling)","Conséquence finale observée dans le cas réel : dizaines de milliers de terminaux rendus inopérants en Ukraine et en Europe.",https://www.cisa.gov,2026-10-06
N2a,ST0009,Impact,Denial of Service (Jamming),4,3,12,"SC-40 (Wireless Link Protection)","Le brouillage RF est peu coûteux à mettre en œuvre et fréquemment documenté en zone de conflit ; impact réversible (cesse à l'arrêt du brouilleur).",https://sparta.aerospace.org,2026-10-06
N2b,ST0003,Initial Access,Trusted Relationship Spoofing / Signal Spoofing,2,4,8,"SC-23 (Session Authenticity), IA-9 (Service Identification and Authentication)","Nécessite un équipement RF spécialisé et une connaissance précise des paramètres du lien ; impact élevé si réussi (interception ou déni de service ciblé).",https://sparta.aerospace.org,2026-10-06
N2c,ST0001,Reconnaissance,Eavesdropping,3,2,6,"SC-8 (Transmission Confidentiality and Integrity)","Interception passive : probabilité modérée sur liaison non chiffrée, impact limité à la confidentialité (pas d'altération du service).",https://sparta.aerospace.org,2026-10-06
N3a,ST0004,Execution,Compromise Boot Memory / Unauthorized Command,1,5,5,"AC-3 (Access Enforcement), SC-12 (Cryptographic Key Management)","Probabilité très faible (nécessite un accès privilégié aux systèmes de commande du bus) mais impact catastrophique si atteint.",https://sparta.aerospace.org,2026-10-06
N3b,ST0004,Execution,Exploit Hardware/Firmware Corruption,1,5,5,"SI-7 (Software and Firmware Integrity), CM-14","Surface d'attaque réduite (accès physique ou supply-chain nécessaire avant lancement), mais impact catastrophique et irréversible une fois en orbite.",https://sparta.aerospace.org,2026-10-06
N4a,ST0003,Initial Access,Exploit Hardware via Fault Injection,2,3,6,"PE-3 (Physical Access Control), SI-7","Nécessite un accès physique au terminal et un équipement de recherche spécialisé (cf. travaux présentés en conférence de sécurité) ; impact limité à l'unité compromise.",https://www.blackhat.com,2026-10-06
N4b,ST0002,Resource Development,Compromise Infrastructure (terminal volé),3,2,6,"IA-5 (Authenticator Management), PE-3","Vol opportuniste relativement probable à grande échelle (plusieurs millions de terminaux déployés), impact limité par la révocation à distance possible.",https://sparta.aerospace.org,2026-10-06
N4c,ST0005,Persistence,Compromise Software Supply Chain (équipement client),3,2,6,"SI-3 (Malicious Code Protection)","Surface d'attaque classique de la cybersécurité réseau grand public, hors du périmètre satellitaire propre mais pertinente pour la chaîne complète.",https://sparta.aerospace.org,2026-10-06
