country,restriction_type,category,source_url,date_maj
Chine,Interdiction totale (blacklist officielle),Interdiction nationale,https://www.mappr.co/starlink-availability-by-country/,2026-08-13
Russie,Interdiction totale + décret anti-import (avril 2026),Interdiction nationale,https://www.mappr.co/starlink-availability-by-country/,2026-08-13
Corée du Nord,Interdiction totale (blacklist officielle),Interdiction nationale,https://www.mappr.co/starlink-availability-by-country/,2026-08-13
Biélorussie,Aucune licence accordée ; usage interdit,Interdiction nationale,https://www.mappr.co/starlink-availability-by-country/,2026-08-13
Syrie,Interdiction totale (blacklist officielle),Interdiction nationale,https://www.mappr.co/starlink-availability-by-country/,2026-08-13
Afghanistan,Interdiction totale (blacklist officielle),Interdiction nationale,https://www.mappr.co/starlink-availability-by-country/,2026-08-13
Iran,"Statut officiel bientôt disponible mais usage criminalisé et brouillage GPS actif",Blocage de facto,https://www.mappr.co/starlink-availability-by-country/,2026-08-13
Sénégal,Marketing et licence suspendus en attente de mise en conformité,Restriction réglementaire nationale,https://factually.co/fact-checks/technology/countries-canceling-starlink-service-47504a,2026-08-13
Côte d'Ivoire,Marketing suspendu / licence non accordée,Restriction réglementaire nationale,https://factually.co/fact-checks/technology/countries-canceling-starlink-service-47504a,2026-08-13
Burkina Faso,Marketing suspendu / licence non accordée,Restriction réglementaire nationale,https://factually.co/fact-checks/technology/countries-canceling-starlink-service-47504a,2026-08-13
RD Congo,Marketing suspendu / licence non accordée,Restriction réglementaire nationale,https://factually.co/fact-checks/technology/countries-canceling-starlink-service-47504a,2026-08-13
Zimbabwe,Marketing suspendu / licence non accordée,Restriction réglementaire nationale,https://factually.co/fact-checks/technology/countries-canceling-starlink-service-47504a,2026-08-13
Afrique du Sud,Marketing suspendu / licence non accordée (règles de participation locale),Restriction réglementaire nationale,https://factually.co/fact-checks/technology/countries-canceling-starlink-service-47504a,2026-08-13
Mali,Marketing suspendu / licence non accordée,Restriction réglementaire nationale,https://factually.co/fact-checks/technology/countries-canceling-starlink-service-47504a,2026-08-13
Inde,"En attente d'approbation réglementaire (spectre, sécurité)",Approbation en attente,https://www.techi.com/starlink-availability-country-map/,2026-08-13
Turquie,Licence en attente depuis 2023 ; service coupé dans les eaux territoriales,Approbation en attente,https://www.sailoscope.com/post/where-starlink-not-allowed,2026-08-13
